Workbook

Sheet Sample size
A1: Sample size for a one-sided test of a mean
A2: Edit the yellow cells (blue text). Everything else recalculates.
A4: Inputs | B4: Value | C4: Where it comes from
A5: Null mean (μ0) | B5: 29.7 | C5: From financial team
A6: Mean you want to be able to detect (μ1) | B6: 29.5 | C6: Your call: the smallest departure from μ0 worth catching.
A7: Standard deviation (σ) | B7: 0.7 | C7: Planning guess from a pilot or past data.
A8: Significance level (α), one-sided | B8: 0.05 | C8: Convention, but could change
A9: Target power (1 − β) | B9: 0.8 | C9: Convention; 0.90 is also common
A11: Step by step | B11: Value | C11: What the step does
A12: 1. Shift to detect: δ = μ0 − μ1 | B12: =B5-B6 -> 0.2 | C12: How far the truth sits from the null
A13: 2. z for the significance level (zα) | B13: =NORMSINV(1-B8) -> 1.6448536 | C13: Cutoff sits zα standard errors from μ0, so only α of the null distribution is beyond it
A14: 3. z for the power (zβ) | B14: =NORMSINV(B9) -> 0.84162123 | C14: Cutoff must also sit zβ standard errors past μ1, so (1 − β) of the true distribution is beyond it
A15: 4. Total distance in standard errors: zα + zβ | B15: =B13+B14 -> 2.4864749 | C15: δ has to span both pieces: δ = (zα + zβ) × σ/√n
A16: 5. Noise relative to signal: σ / |δ| | B16: =B7/ABS(B12) -> 3.5 | C16: Standard deviations per unit of shift
A17: 6. Required n, unrounded: [(zα + zβ) × σ/δ]² | B17: =(B15*B16)^2 -> 75.736326 | C17: Solve step 4 for n
A18: 7. Required n, rounded up | B18: =ROUNDUP(B17,0) -> 76 | C18: Normal (z) approximation
A19: 8. Required n for a t-test (add zα²/2) | B19: =ROUNDUP(B17+B13^2/2,0) -> 78 | C19: Small correction because σ is estimated from the sample
A21: Check: power at any sample size | B21: Value | C21: What the step does
A22: Sample size to check (n) | B22: 40 | C22: The 40 blades from our example; try the n from step 7
A23: Standard error: σ/√n | B23: =B7/SQRT(B22) -> 0.11067972 | C23: Spread of the sample mean
A24: Rejection cutoff for the sample mean | B24: =B5-SIGN(B12)*B13*B23 -> 29.517948 | C24: Reject the null when the sample mean is beyond this value (on the μ1 side)
A25: Distance from μ1 to the cutoff, in standard errors | B25: =ABS(B12)/B23-B13 -> 0.16216218 | C25: Positive means more than half of the true distribution is in the rejection region
A26: Power | B26: =NORMSDIST(B25) -> 0.56441093 | C26: Chance of rejecting the null if the true mean is μ1

Sheet Power curve
A1: Power as the sample size grows
A2: Uses the inputs on the 'Sample size' tab. The n values in column A (blue) can be edited.
A4: Sample size (n) | B4: Standard error | C4: Rejection cutoff | D4: Power | E4: Target power
A5: 10 | B5: ='Sample size'!$B$7/SQRT(A5) -> 0.22135944 | C5: ='Sample size'!$B$5-SIGN('Sample size'!$B$12)*'Sample size'!$B$13*B5 -> 29.335896 | D5: =NORMSDIST(ABS('Sample size'!$B$12)/B5-'Sample size'!$B$13) -> 0.22924192 | E5: ='Sample size'!$B$9 -> 0.8
A6: 15 | B6: ='Sample size'!$B$7/SQRT(A6) -> 0.18073922 | C6: ='Sample size'!$B$5-SIGN('Sample size'!$B$12)*'Sample size'!$B$13*B6 -> 29.40271 | D6: =NORMSDIST(ABS('Sample size'!$B$12)/B6-'Sample size'!$B$13) -> 0.29518948 | E6: ='Sample size'!$B$9 -> 0.8
A7: 20 | B7: ='Sample size'!$B$7/SQRT(A7) -> 0.15652476 | C7: ='Sample size'!$B$5-SIGN('Sample size'!$B$12)*'Sample size'!$B$13*B7 -> 29.44254 | D7: =NORMSDIST(ABS('Sample size'!$B$12)/B7-'Sample size'!$B$13) -> 0.35677203 | E7: ='Sample size'!$B$9 -> 0.8
A8: 25 | B8: ='Sample size'!$B$7/SQRT(A8) -> 0.14 | C8: ='Sample size'!$B$5-SIGN('Sample size'!$B$12)*'Sample size'!$B$13*B8 -> 29.46972 | D8: =NORMSDIST(ABS('Sample size'!$B$12)/B8-'Sample size'!$B$13) -> 0.41438389 | E8: ='Sample size'!$B$9 -> 0.8
A9: 30 | B9: ='Sample size'!$B$7/SQRT(A9) -> 0.12780193 | C9: ='Sample size'!$B$5-SIGN('Sample size'!$B$12)*'Sample size'!$B$13*B9 -> 29.489785 | D9: =NORMSDIST(ABS('Sample size'!$B$12)/B9-'Sample size'!$B$13) -> 0.46814566 | E9: ='Sample size'!$B$9 -> 0.8
A10: 35 | B10: ='Sample size'!$B$7/SQRT(A10) -> 0.1183216 | C10: ='Sample size'!$B$5-SIGN('Sample size'!$B$12)*'Sample size'!$B$13*B10 -> 29.505378 | D10: =NORMSDIST(ABS('Sample size'!$B$12)/B10-'Sample size'!$B$13) -> 0.51812763 | E10: ='Sample size'!$B$9 -> 0.8
A11: 40 | B11: ='Sample size'!$B$7/SQRT(A11) -> 0.11067972 | C11: ='Sample size'!$B$5-SIGN('Sample size'!$B$12)*'Sample size'!$B$13*B11 -> 29.517948 | D11: =NORMSDIST(ABS('Sample size'!$B$12)/B11-'Sample size'!$B$13) -> 0.56441093 | E11: ='Sample size'!$B$9 -> 0.8
A12: 45 | B12: ='Sample size'!$B$7/SQRT(A12) -> 0.10434984 | C12: ='Sample size'!$B$5-SIGN('Sample size'!$B$12)*'Sample size'!$B$13*B12 -> 29.52836 | D12: =NORMSDIST(ABS('Sample size'!$B$12)/B12-'Sample size'!$B$13) -> 0.6071029 | E12: ='Sample size'!$B$9 -> 0.8
A13: 50 | B13: ='Sample size'!$B$7/SQRT(A13) -> 0.098994949 | C13: ='Sample size'!$B$5-SIGN('Sample size'!$B$12)*'Sample size'!$B$13*B13 -> 29.537168 | D13: =NORMSDIST(ABS('Sample size'!$B$12)/B13-'Sample size'!$B$13) -> 0.64633763 | E13: ='Sample size'!$B$9 -> 0.8
A14: 55 | B14: ='Sample size'!$B$7/SQRT(A14) -> 0.094387981 | C14: ='Sample size'!$B$5-SIGN('Sample size'!$B$12)*'Sample size'!$B$13*B14 -> 29.544746 | D14: =NORMSDIST(ABS('Sample size'!$B$12)/B14-'Sample size'!$B$13) -> 0.68227152 | E14: ='Sample size'!$B$9 -> 0.8
A15: 60 | B15: ='Sample size'!$B$7/SQRT(A15) -> 0.090369611 | C15: ='Sample size'!$B$5-SIGN('Sample size'!$B$12)*'Sample size'!$B$13*B15 -> 29.551355 | D15: =NORMSDIST(ABS('Sample size'!$B$12)/B15-'Sample size'!$B$13) -> 0.71507747 | E15: ='Sample size'!$B$9 -> 0.8
A16: 65 | B16: ='Sample size'!$B$7/SQRT(A16) -> 0.086824314 | C16: ='Sample size'!$B$5-SIGN('Sample size'!$B$12)*'Sample size'!$B$13*B16 -> 29.557187 | D16: =NORMSDIST(ABS('Sample size'!$B$12)/B16-'Sample size'!$B$13) -> 0.74493927 | E16: ='Sample size'!$B$9 -> 0.8
... A33: 150 | B33: ='Sample size'!$B$7/SQRT(A33) -> 0.057154761 | C33: ='Sample size'!$B$5-SIGN('Sample size'!$B$12)*'Sample size'!$B$13*B33 -> 29.605989 | D33: =NORMSDIST(ABS('Sample size'!$B$12)/B33-'Sample size'!$B$13) -> 0.96816027 | E33: ='Sample size'!$B$9 -> 0.8

Sheet Sensitivity
A1: Required n for different guesses of σ and δ
A2: Normal approximation, rounded up, at the α and power on the 'Sample size' tab.
A4: σ ↓ / δ → | B4: 0.1 | C4: 0.15 | D4: 0.2 | E4: 0.25 | F4: 0.3
A5: 0.5 | B5: =ROUNDUP(('Sample size'!$B$15*$A5/B$4)^2,0) -> 155 | C5: =ROUNDUP(('Sample size'!$B$15*$A5/C$4)^2,0) -> 69 | D5: =ROUNDUP(('Sample size'!$B$15*$A5/D$4)^2,0) -> 39 | E5: =ROUNDUP(('Sample size'!$B$15*$A5/E$4)^2,0) -> 25 | F5: =ROUNDUP(('Sample size'!$B$15*$A5/F$4)^2,0) -> 18
A6: 0.6 | B6: =ROUNDUP(('Sample size'!$B$15*$A6/B$4)^2,0) -> 223 | C6: =ROUNDUP(('Sample size'!$B$15*$A6/C$4)^2,0) -> 99 | D6: =ROUNDUP(('Sample size'!$B$15*$A6/D$4)^2,0) -> 56 | E6: =ROUNDUP(('Sample size'!$B$15*$A6/E$4)^2,0) -> 36 | F6: =ROUNDUP(('Sample size'!$B$15*$A6/F$4)^2,0) -> 25
A7: 0.7 | B7: =ROUNDUP(('Sample size'!$B$15*$A7/B$4)^2,0) -> 303 | C7: =ROUNDUP(('Sample size'!$B$15*$A7/C$4)^2,0) -> 135 | D7: =ROUNDUP(('Sample size'!$B$15*$A7/D$4)^2,0) -> 76 | E7: =ROUNDUP(('Sample size'!$B$15*$A7/E$4)^2,0) -> 49 | F7: =ROUNDUP(('Sample size'!$B$15*$A7/F$4)^2,0) -> 34
A8: 0.8 | B8: =ROUNDUP(('Sample size'!$B$15*$A8/B$4)^2,0) -> 396 | C8: =ROUNDUP(('Sample size'!$B$15*$A8/C$4)^2,0) -> 176 | D8: =ROUNDUP(('Sample size'!$B$15*$A8/D$4)^2,0) -> 99 | E8: =ROUNDUP(('Sample size'!$B$15*$A8/E$4)^2,0) -> 64 | F8: =ROUNDUP(('Sample size'!$B$15*$A8/F$4)^2,0) -> 44
A9: 0.9 | B9: =ROUNDUP(('Sample size'!$B$15*$A9/B$4)^2,0) -> 501 | C9: =ROUNDUP(('Sample size'!$B$15*$A9/C$4)^2,0) -> 223 | D9: =ROUNDUP(('Sample size'!$B$15*$A9/D$4)^2,0) -> 126 | E9: =ROUNDUP(('Sample size'!$B$15*$A9/E$4)^2,0) -> 81 | F9: =ROUNDUP(('Sample size'!$B$15*$A9/F$4)^2,0) -> 56
A10: 1 | B10: =ROUNDUP(('Sample size'!$B$15*$A10/B$4)^2,0) -> 619 | C10: =ROUNDUP(('Sample size'!$B$15*$A10/C$4)^2,0) -> 275 | D10: =ROUNDUP(('Sample size'!$B$15*$A10/D$4)^2,0) -> 155 | E10: =ROUNDUP(('Sample size'!$B$15*$A10/E$4)^2,0) -> 99 | F10: =ROUNDUP(('Sample size'!$B$15*$A10/F$4)^2,0) -> 69
A12: The shaded cell is the base case (σ = 0.7, δ = 0.2). n scales with σ² and with 1/δ².
